,Program ID,Program Service Area
0,PANTRY03,County: Greendale; Zip Code: 10023/40192
1,PANTRY04,County: Greendale; Zip Code: 10023/40192
2,PANTRY05,County: Greendale; Zip Code: 10023/40192
3,PANTRY06,County: Greendale; Zip Code: 10023/40192
4,PANTRY07,County: Greendale; Zip Code: 10023/40192
5,PANTRY08,County: Greendale; Zip Code: 10023/40192
6,PANTRY09,County: Greendale; Zip Code: 10023/40192
7,PANTRY10,County: Greendale; Zip Code: 10023/40192
8,PANTRY11,County: Greendale; Zip Code: 10023/40192
9,PANTRY12,County: Greendale; Zip Code: 10023/40192
10,PANTRY13,County: Greendale; Zip Code: 10023/40192
11,PANTRY14,County: Greendale; Zip Code: 10023/40192
12,PANTRY15,County: Greendale; Zip Code: 10023/40192
13,PANTRY16,County: Greendale; Zip Code: 10023/40192
14,PANTRY17,County: Greendale; Zip Code: 10023/40192
15,PANTRY18,County: Greendale; Zip Code: 10023/40192
16,PANTRY19,County: Greendale; Zip Code: 10023/40192
