,Program ID,Program Qualifications
0,PANTRY03,Only open to Greendale Community College students and Greendale County residents
1,PANTRY04,Only open to Greendale Community College students and Greendale County residents
2,PANTRY05,Only open to Greendale Community College students and Greendale County residents
3,PANTRY06,Only open to Greendale Community College students and Greendale County residents
4,PANTRY07,Only open to Greendale Community College students and Greendale County residents
5,PANTRY08,Only open to Greendale Community College students and Greendale County residents
6,PANTRY09,Only open to Greendale Community College students and Greendale County residents
7,PANTRY10,Only open to Greendale Community College students and Greendale County residents
8,PANTRY11,Only open to Greendale Community College students and Greendale County residents
9,PANTRY12,Only open to Greendale Community College students and Greendale County residents
10,PANTRY13,Only open to Greendale Community College students and Greendale County residents
11,PANTRY14,Only open to Greendale Community College students and Greendale County residents
12,PANTRY15,Only open to Greendale Community College students and Greendale County residents
13,PANTRY16,Only open to Greendale Community College students and Greendale County residents
14,PANTRY17,Only open to Greendale Community College students and Greendale County residents
15,PANTRY18,Only open to Greendale Community College students and Greendale County residents
16,PANTRY19,Only open to Greendale Community College students and Greendale County residents
