,Program ID,Program Languages
0,PANTRY03,English;Spanish
1,PANTRY04,"Arabic; Braille; Chinese (Mandarin, Cantonese); English; French; German; Hindi; Polish; Sign Language (ASL); Spanish; Other; Russian; Vietnamese; Lithuanian; Italian; Korean; Tagalog; Urdu; Gujarati; Greek; Ukranian; Serbo-Croatian; Hebrew / Yiddish; Romanian; Mongolian; Yoruba; Annang; Bosnian"
2,PANTRY05,French
3,PANTRY06,French
4,PANTRY07,French
5,PANTRY08,French
6,PANTRY09,French
7,PANTRY10,French
8,PANTRY11,French
9,PANTRY12,French
10,PANTRY13,French
11,PANTRY14,French
12,PANTRY15,French
13,PANTRY16,French
14,PANTRY17,French
15,PANTRY18,French
16,PANTRY19,French
